"method","K","weight_var_mean","weight_var_median","weight_var_sd","cov_mae_x_mean","cov_mae_x_median","cov_mae_x_sd","y_mean_abs_err_mean","y_mean_abs_err_median","y_mean_abs_err_sd","y_pred_mae_mean","y_pred_mae_median","y_pred_mae_sd","margin_max_abs_err_mean","margin_max_abs_err_median","margin_max_abs_err_sd","min_weight_mean","min_weight_median","min_weight_sd","max_weight_mean","max_weight_median","max_weight_sd"
"constrained",4,1.30418603671946,1.29500620423072,0.127799169914721,0.020483506130985,0.0204794074132925,0.00365268640928955,0.93099313604302,0.936460080675007,0.0754733993657601,2.03242915646628,2.03141954175558,0.0325119230543103,4.20535717915449e-10,1.09356967925578e-14,8.61792139426212e-10,0.300912766605481,0.300571428571429,0.00634848560822673,7.51776028545131,7.51926543791027,0.874329761018646
"standard",4,1.26906862817113,1.26412087862466,0.106087022261976,0.0231753524026654,0.023086742663894,0.00496557920460633,0.928321125740146,0.931813745928324,0.075220266505181,2.03242402064559,2.03130158152243,0.0324710861932215,3.60963532952674e-10,8.82627304577e-15,8.52446071066714e-10,0.279365201186783,0.27993976158189,0.014281916338288,7.32610276905782,7.2903065638006,0.715690133514644
"constrained",5,1.64711365567972,1.65709882639681,0.162928615387259,0.0160720221218495,0.0159599805717514,0.00296373868925878,0.756248544348631,0.76584029182766,0.0814212097405933,1.89856877718485,1.89568463991815,0.031331845123879,1.83095214820098e-09,1.94153282340181e-09,5.12331218269471e-10,0.299967599410898,0.299571428571429,0.00618759680590248,10.7989343810946,10.7882998292145,1.131343408126
"standard",5,1.56182221759417,1.56766535774901,0.138719527370547,0.020447191766582,0.0202438935484244,0.00368017045990448,0.753492244282872,0.761752698002685,0.0805168547618436,1.89832469947329,1.8953386216331,0.0313189879524384,3.10432950822889e-11,5.51780843238703e-14,3.00218371013778e-10,0.249538150225404,0.248232119516912,0.0117077761811341,10.2724385058229,10.2162048885667,0.953927908177868
"constrained",6,1.91209015957236,1.90383477665847,0.209622537405651,0.0143043964375536,0.014288718669629,0.00326403056596575,0.515974518940501,0.516864756735122,0.0740308235471656,1.67268297605183,1.66946013485369,0.0235197493189522,1.8941204976357e-09,1.88076992868602e-09,1.83169427655451e-10,0.300034985422741,0.299928571428571,0.00616438196217513,14.1086723929922,13.709461423636,2.07895912809389
"standard",6,1.78592814552814,1.77953349688118,0.17221431046353,0.0190678315708936,0.0187763762840042,0.0041344600646575,0.510037343285698,0.510790663758382,0.0723361356408093,1.67211154929506,1.66943511245742,0.0233821414619623,5.75312926550143e-12,7.52786721847087e-13,2.24143530171697e-11,0.224508152419472,0.224828101098637,0.0143598878992936,13.1939326234071,12.9082078205962,1.70661626592169
"constrained",7,2.06609806194025,2.04753926987917,0.237236896259487,0.0135083310127684,0.0128070188357355,0.00326869663207306,0.41225369234726,0.417533301153795,0.0732476475670037,1.58170589117927,1.57929533824832,0.0192254055324573,1.69554963735941e-09,1.69053965271004e-09,3.42424044120053e-10,0.300031428571429,0.299928571428571,0.00610755587069551,16.7692856754074,16.2419001891102,2.82515432331041
"standard",7,1.91871849503214,1.9060627565612,0.193420771057488,0.0179139195439447,0.0169262076288558,0.00409636106955545,0.405654353452775,0.411936807060305,0.0717637409170434,1.58099272607096,1.57890826706056,0.0190683704810664,1.73140984882636e-11,2.12424522416654e-12,5.37914980770403e-11,0.203866691737508,0.204894508575481,0.0151674674555824,15.5463227579716,15.1775942177878,2.30869255336486
"constrained",8,2.16560841184836,2.15060741345714,0.256689392570451,0.0126080994174293,0.0124781187517378,0.00286277384768142,0.313611679576137,0.320250716147072,0.0763893628173267,1.47736186983611,1.47361681249034,0.0173047053259061,1.56947617679926e-09,1.56968568698623e-09,3.44006578879531e-10,0.300031428571429,0.299928571428571,0.00610755587069551,18.126356699744,17.6894176444588,3.240508672004
"standard",8,1.99260567180925,1.98380626278344,0.204479010201938,0.017006335043143,0.0167709686314948,0.00365434682102945,0.306066430826388,0.309981475745837,0.0745625856364837,1.47649848437919,1.47309252182525,0.0171011206175629,2.73287747987183e-11,3.24490434522318e-12,8.13019568686543e-11,0.18139633959882,0.181381523257389,0.0144256961229329,16.6246772689708,16.2709030135528,2.58890330584908
"constrained",9,2.24440409469841,2.21535357179339,0.267282889590149,0.0116189681841303,0.0117303420366748,0.00241259505144255,0.238898108449752,0.241213685648348,0.0737251390925727,1.39196383555054,1.38876719964275,0.0146208386053166,1.4624289890186e-09,1.46988904381473e-09,3.33259430861652e-10,0.300031428571429,0.299928571428571,0.00610755587069551,19.7771437535618,19.3759456743194,3.59708400478391
"standard",9,2.04675028769749,2.0363351762342,0.209997274758537,0.0157746643474009,0.016008518478007,0.00320256235473311,0.23073784144925,0.232558484631701,0.0715544947296698,1.39092341320519,1.38769281156744,0.0143283511760991,3.30039900964252e-11,4.17987866541125e-12,9.19607663140084e-11,0.160957039859622,0.161160530511367,0.0139138254467625,17.9204417644202,17.5367666380459,2.85537453191181
"constrained",10,2.30792355103329,2.28437891573028,0.277666732473084,0.0108351181725421,0.0109366014480961,0.00231465704526686,0.18151336519355,0.183176909920034,0.0674159396858908,1.32057807629703,1.31766132234802,0.0130030054796993,1.43488385784263e-09,1.4000554604543e-09,3.30845799041769e-10,0.300031428571429,0.299928571428571,0.00610755587069551,20.9514454196912,20.7340379232381,3.70577414960855
"standard",10,2.09089652016528,2.06414197280451,0.21762192181583,0.0146807620419597,0.0148065327160596,0.0031191519261618,0.172736578302478,0.174376545769762,0.0653307547734665,1.31957482119925,1.31727307469756,0.0127146311306916,5.2518195348128e-11,4.87443418961675e-12,1.76952260547826e-10,0.146783872931879,0.14571671110644,0.0144667239158265,18.8412083300896,18.6419366385745,2.95494102893465
"constrained",11,2.31342025457179,2.28593842392654,0.274695152241075,0.0103303397823388,0.0103053639863617,0.00201092323046515,0.195547449087984,0.197953547250636,0.0668053526411851,1.28558066890296,1.28375567533661,0.0124240433539512,1.43466920399238e-09,1.3461350645283e-09,3.12807922869072e-10,0.300031428571429,0.299928571428571,0.00610755587069551,21.1489524741634,20.847879797909,3.65456515652824
"standard",11,2.09452201495292,2.06609056637526,0.215867167816694,0.0135772968413579,0.0137294442022029,0.00267835996242716,0.186954437048177,0.189261899630931,0.0645480442423913,1.28458710425719,1.28316653336863,0.0122238537537285,5.80536141381316e-11,5.1645354659513e-12,1.91258246310674e-10,0.138227255589847,0.137213242363386,0.0145779728512089,19.0073138189355,18.7194836918622,2.93804228343715
"constrained",12,2.34940660544161,2.33224441833993,0.284001557804041,0.0100644411250155,0.0101370674864457,0.0018256348345878,0.164030765690091,0.166840621516283,0.0632119359649432,1.24530032931764,1.24307000700524,0.0116352285738865,1.436182677228e-09,1.46781103937954e-09,2.89203205094211e-10,0.300031428571429,0.299928571428571,0.00610755587069551,21.7101077214013,21.3712066359664,4.07694229655394
"standard",12,2.1187182031564,2.10024244976457,0.220980031849245,0.0130627649780599,0.0129156889664653,0.00246030687616935,0.155403296697437,0.156883888889865,0.0606966598691561,1.24417802651102,1.2424177823351,0.0113320960016719,6.33487606815919e-11,5.64576163597508e-12,1.99794603378983e-10,0.129327899069119,0.128367557278021,0.0142438757671797,19.4290392799533,19.0729576556111,3.30432909961841
"constrained",13,2.37116489688384,2.35659860151794,0.287092635188295,0.0097307156820002,0.00971494391275992,0.00166179301840238,0.142662586176481,0.148365924843569,0.0613557550116639,1.19866220968227,1.19559529421658,0.0107016932066792,1.37731078708736e-09,1.36728542377007e-09,3.36665648555155e-10,0.300031428571429,0.299928571428571,0.00610755587069551,22.36706018861,21.846030972819,4.19641629015847
"standard",13,2.13304926306252,2.11372629418553,0.222467222041547,0.0124511930602623,0.0123810411010622,0.00223465212831567,0.13396195900606,0.139444230022733,0.0589263538151274,1.19755743239661,1.19488872307077,0.0104815022238216,7.20913373442045e-11,5.97394356205427e-12,2.43958226740839e-10,0.12485512927335,0.125599894428775,0.0140029093503538,19.9524844885138,19.7649425303688,3.36721193468336
"constrained",14,2.38680554240457,2.36174162528161,0.292359786624972,0.00948089600525653,0.00942792548912079,0.00156154576588641,0.123882111973475,0.125970952091109,0.0576586328845294,1.14622248149535,1.14396515341605,0.00991915372075994,1.38145814898571e-09,1.3084621997006e-09,3.45149166858156e-10,0.300031428571429,0.299928571428571,0.00610755587069551,22.5824575689147,21.7968949370823,4.43839620294044
"standard",14,2.14282130150006,2.12788791536207,0.224654092815934,0.0119654000491998,0.0119345089779886,0.00211524125819949,0.115332620266427,0.115626283630003,0.0551834868737933,1.14504698391792,1.14306066354928,0.00960666149579907,7.73597064185339e-11,6.29080121328229e-12,2.69849431566143e-10,0.119698877975235,0.121476982932794,0.014536281830237,20.1019920925238,19.6013695890182,3.53318437364547
"constrained",15,2.40191842428849,2.3832912199501,0.291385858735507,0.00940362442344995,0.00931411315412344,0.00148911068969493,0.106918228603953,0.109548636829919,0.0539122219501054,1.11357958035028,1.11105431716288,0.00994093643964456,1.36713807663558e-09,1.34301042509222e-09,2.88115974550402e-10,0.300031428571429,0.299928571428571,0.00610755587069551,22.6395065831249,22.1673087690689,4.40424697012198
"standard",15,2.1522475632203,2.13569952842185,0.223683487906099,0.0117421812583744,0.0115281392420574,0.00202764770576007,0.0984846220340605,0.099475598244624,0.051423262577942,1.11231711681769,1.10979866123579,0.0095402746558488,8.35433511259254e-11,6.70608013564333e-12,2.76763606097646e-10,0.116106685986704,0.117160883403382,0.0143403065512249,20.1184737019484,19.8991861836634,3.51352742213258
"constrained",16,2.41673644205314,2.38676847309531,0.296758347169132,0.00931946862362205,0.00921892089605464,0.00145409753829793,0.0927974577087914,0.0908014469085594,0.0511999604538425,1.08294007582916,1.08154207851004,0.00900835379043638,1.48892071116791e-09,1.49896553502948e-09,3.27519834251418e-10,0.300031428571429,0.299928571428571,0.00610755587069551,22.6792040643527,21.9731096496546,4.66175082134619
"standard",16,2.16215878623269,2.14116825018389,0.226568207463628,0.0115221748187164,0.0112253772532923,0.00200624143895698,0.0840949237191397,0.0829653516940327,0.0490464367621026,1.0816469144477,1.08055792825989,0.00865133608967152,9.24899895560216e-11,7.34834415538899e-12,2.95203765369112e-10,0.113017424436499,0.114403090496238,0.0144122025980676,20.1340427817335,19.6663667501105,3.74611032234667
"constrained",17,2.42333365141354,2.39470811684393,0.296193304375318,0.00910924979512294,0.00909016965018952,0.00131558912466559,0.0859340779476616,0.0837453714386296,0.0488221283580602,1.06204154238181,1.05964539034641,0.0089185826330655,1.46424147418056e-09,1.50359641404307e-09,3.30435181330343e-10,0.300031428571429,0.299928571428571,0.00610755587069551,22.7964744462047,22.0503977697227,4.74508631592229
"standard",17,2.16595045008017,2.14391757908186,0.226164179697666,0.0110904807465762,0.0109877211038448,0.00180855138694188,0.0774613641309008,0.073369660001374,0.0464083728907184,1.06074786175975,1.05875256769776,0.00858096491197836,9.544608825518e-11,7.63950014359693e-12,3.03219841271187e-10,0.109309097478208,0.110043777726198,0.0140427877054155,20.2210461215842,19.62146390281,3.8114675531315
"constrained",18,2.43181784749007,2.40565529905226,0.295150497286873,0.00901639275142902,0.00876271920224358,0.00122889338960725,0.0784350525179937,0.0786246592320885,0.0467756336979672,1.04751875257346,1.04523498400257,0.00853063947087191,1.43897988802433e-09,1.44015904757211e-09,3.28226766641722e-10,0.300031428571429,0.299928571428571,0.00610755587069551,22.6971874570781,21.9534336672224,4.74942211508806
"standard",18,2.16969076894301,2.14510000784292,0.224589582301467,0.0108322267784829,0.0105960410252904,0.00168204352918632,0.0703152342910765,0.067923776045042,0.0441435616739376,1.04613250040772,1.04453855642727,0.0081423715716684,1.02758586084661e-10,8.72962813147637e-12,3.3399027120012e-10,0.104564008175192,0.105739565225613,0.0140201352411964,20.1396369690258,19.5568262726366,3.82326134329501
"constrained",19,2.44162644726811,2.42261768866321,0.298894490392944,0.00888590909815818,0.00868182630619479,0.00117146601968193,0.0728623971135371,0.0710922051599256,0.0457988070694086,1.03331750830669,1.03160674291028,0.008093154893779,1.3480481075856e-09,1.27074958888862e-09,3.21628261002712e-10,0.300031428571429,0.299928571428571,0.00610755587069551,22.9554013391907,22.1728136214285,4.79769679837877
"standard",19,2.17575293373396,2.14362142238358,0.22678987305551,0.010553917237799,0.0103492579358577,0.00158238556679368,0.0652043726626159,0.0618189186260496,0.0425729182352143,1.03184115303798,1.03002823744498,0.00767837066907626,8.58760845767748e-11,8.7564955286723e-12,2.70940250386898e-10,0.101748452307906,0.103578341336666,0.0144965057127022,20.3308654759434,19.6456336064658,3.8536719838796
"constrained",20,2.45168452451254,2.42670431482194,0.301304678999063,0.00883293605685551,0.00864733285355405,0.00107949718335363,0.066660268734818,0.0652128565139201,0.0440093023427308,1.02005849166339,1.01864696480674,0.00773069476790536,1.38440791497274e-09,1.37440875347394e-09,3.14638618704894e-10,0.300031428571429,0.299928571428571,0.00610755587069551,22.9754847953794,22.163985792019,4.72571728254708
"standard",20,2.18154137993107,2.1495678777385,0.227431742654618,0.0103861021703749,0.010209993432836,0.00147202347523243,0.0595489058178421,0.0545720348493601,0.0404967931939642,1.01853550150183,1.01701984303598,0.00731913266051812,9.28143473188925e-11,9.30477916938344e-12,3.05820439097106e-10,0.0992316064384723,0.100221600771306,0.0143611321307853,20.3431805701313,19.714158296823,3.80410912745314
"constrained",21,2.45732615907604,2.41965153362838,0.302837440229057,0.00876434652372516,0.00862084942881419,0.00100361257356767,0.0633663895816229,0.0597040829536297,0.0421834172725771,1.01292759832409,1.01179518866373,0.00763153570863217,1.36811148243599e-09,1.28320865044884e-09,3.41850030995455e-10,0.300031428571429,0.299928571428571,0.00610755587069551,23.0392460919032,22.2501734717258,4.91795492272418
"standard",21,2.18349703952405,2.15274779346228,0.226980730557636,0.010204032782044,0.0100565646744199,0.00137472010366091,0.0561688974378991,0.05377774385832,0.0388968806716823,1.01134007748921,1.01021613628976,0.00714415280520738,9.91602538968906e-11,9.80293624053274e-12,3.28028876291414e-10,0.0962863722094967,0.0967024958648411,0.0141483403505755,20.3706716675404,20.0479961366614,3.95751281383295
"constrained",22,2.46676283772254,2.44650166833528,0.300977970557241,0.00872643255597735,0.00868048624031422,0.000945511288309532,0.0596539411610654,0.0580346780907299,0.0404725238787987,1.00431786851773,1.00321213350552,0.00785016252858725,1.40783765756325e-09,1.39774533614023e-09,3.21071082877281e-10,0.300031428571429,0.299928571428571,0.00610755587069551,23.0477416768903,22.6915039983434,5.12402899909253
"standard",22,2.18902708399238,2.15800291636361,0.225441429331718,0.0100817017319144,0.0100783388535638,0.00130197933478276,0.0527922979480613,0.0498976836901543,0.0373065840939048,1.00267504853279,1.0017519451866,0.00732250196538487,1.02622224606996e-10,1.13292708547874e-11,3.25884664522766e-10,0.0942363726420619,0.0955188587359448,0.0137909433682233,20.3883097641102,19.7619410076612,4.11739436291385
"constrained",23,2.47107497999162,2.44500027697992,0.3012533299139,0.00868232638105679,0.00856232519036377,0.00091387870671176,0.057337530924989,0.0565586995991434,0.039598772429325,1.00107146226135,1.00029597055887,0.00794133871451032,1.37805154232229e-09,1.36125855032532e-09,3.32635508475564e-10,0.300031428571429,0.299928571428571,0.00610755587069551,22.8729871311649,21.8892276981338,5.10234176277948
"standard",23,2.19093207228785,2.16074858761752,0.224875155064197,0.00994099354069553,0.00984662399460144,0.00124867638584607,0.0505407169770137,0.049294286245916,0.0366922184700751,0.999392006196729,0.998476031153398,0.00743810836335346,1.07023554463126e-10,1.14573905918292e-11,3.3497606859696e-10,0.0928353161119531,0.0943200174516999,0.0139159233565091,20.2385449533308,19.6016968189612,4.11199824384
"constrained",24,2.47797894035306,2.44704947596653,0.301714259035322,0.00863009986727244,0.00852858303134066,0.000858267568513716,0.0548290263854805,0.053033671698596,0.0389987732261797,0.997143008301658,0.996136519681547,0.00824263201290805,1.41867763758796e-09,1.40076084065299e-09,3.18874716833764e-10,0.300031428571429,0.299928571428571,0.00610755587069551,22.9279120627158,22.1299882409422,5.19849691589559
"standard",24,2.19531546216466,2.15934794029645,0.224633369491533,0.00980684254593825,0.00971566282271222,0.00117410485987393,0.0484727375796705,0.0448236408185831,0.0361439483389377,0.995396087213164,0.994626381637125,0.00766297910240053,8.71813921055065e-11,1.17180154468599e-11,2.39093966176e-10,0.0915990270444965,0.0920960645914106,0.0140209721838437,20.2832183500781,19.638188883225,4.17916940457696
"constrained",25,2.4866430511419,2.45206641417371,0.303812874032545,0.00858604440725763,0.00851367342606598,0.000811928886775923,0.0536866117189025,0.0528985917189515,0.0383793353490182,0.99599530252826,0.994796855992957,0.00816146113969038,1.43410140318601e-09,1.44340761565331e-09,3.13441607318384e-10,0.300031428571429,0.299928571428571,0.00610755587069551,23.1273793494727,22.5665981678071,4.98184731634846
"standard",25,2.20047292662441,2.17549467392597,0.225683176202759,0.00966815153516676,0.0095168920568539,0.00109436243880912,0.0476665388929727,0.046403160501983,0.0352976192214512,0.994195238041859,0.993292863457631,0.00758972947496284,1.17619576855965e-10,1.20576326700927e-11,3.65584032575026e-10,0.0900704673789067,0.0902113279022785,0.0141324947834124,20.4410074957231,20.1798717506977,4.04499104682638
