"n_sample","rep","method","rr_obs","n_resp","weight_var","min_weight","max_weight","y_mean_err","y_mean_abs_err","y_pred_bias","y_pred_mae"
2000,1,"standard",0.2755,551,3.57786812204648,0.0514881360076194,23.1662436086209,0.152571739282889,0.152571739282889,0.273345287624095,1.06785755739093
2000,1,"constrained",0.2755,551,4.38674576831063,0.2755,27.5052341326886,0.173015898337315,0.173015898337315,0.261903455413454,1.0695752704641
2000,2,"standard",0.292,584,2.74330443627567,0.0552132548979989,19.7422572920031,-0.0616519267642763,0.0616519267642763,-0.0872658920550193,1.03700354351953
2000,2,"constrained",0.292,584,3.20109946779204,0.292,21.8560227531725,-0.0514224372715084,0.0514224372715084,-0.0789209979984459,1.03960811447634
2000,3,"standard",0.2945,589,2.34978893749503,0.0476978348995857,11.3564150385067,0.0242864673673937,0.0242864673673937,0.0184834656656205,1.07345496120575
2000,3,"constrained",0.2945,589,2.94052544577935,0.2945,13.5688251378618,0.0296871985625957,0.0296871985625957,0.0385621368179896,1.07764609878619
2000,4,"standard",0.3045,609,2.85352946408554,0.060896545873949,18.4447486277515,0.0283683939697301,0.0283683939697301,0.0802180122514138,1.0694999796654
2000,4,"constrained",0.3045,609,3.42795428902947,0.3045,20.9164177813552,0.0209905124090675,0.0209905124090675,0.0699392933633117,1.0742292109117
2000,5,"standard",0.2955,591,2.13453063410194,0.0622503721110631,15.147906676499,-0.0258848989010501,0.0258848989010501,0.0288010164130273,1.05688785209012
2000,5,"constrained",0.2955,591,2.40357763439092,0.2955,16.6052445778516,-0.0302358167205439,0.0302358167205439,0.0298823974242061,1.06116445824993
2000,6,"standard",0.2955,591,2.57144174545596,0.0483614691985649,14.6287324704208,-0.215650749313375,0.215650749313375,-0.188885182383565,1.0864400860494
2000,6,"constrained",0.2955,591,3.34414566106358,0.2955,19.1022200853972,-0.224465439810741,0.224465439810741,-0.179367688191272,1.08842782015584
2000,7,"standard",0.3135,627,2.00097684517989,0.0792094748441396,12.7080557540921,0.00133373831095174,0.00133373831095174,0.0466963975883493,1.07591914518659
2000,7,"constrained",0.3135,627,2.3454902060129,0.3135,14.3097332709402,-0.0122653255866556,0.0122653255866556,0.0421390603045981,1.0849446733342
2000,8,"standard",0.286,572,2.21079072065588,0.0740498724709734,14.7092047626656,0.158421056098285,0.158421056098285,0.140522880881307,1.05968034121028
2000,8,"constrained",0.286,572,2.47624136632539,0.286,16.1500805018607,0.167357193976827,0.167357193976827,0.151250629123605,1.06019513455354
2000,9,"standard",0.2905,581,2.7175381415048,0.0430428086251264,15.922334485561,0.240240930710473,0.240240930710473,0.256035075276436,1.0815539019817
2000,9,"constrained",0.2905,581,3.41082865006687,0.2905,18.0397563780494,0.250532264174557,0.250532264174557,0.266727921695648,1.08669120226531
2000,10,"standard",0.2935,587,2.297925724031,0.049823166916894,17.167342116934,2.89972130582683e-05,2.89972130582683e-05,-0.0411066136038744,1.03057954935531
2000,10,"constrained",0.2935,587,2.75478459095743,0.2935,19.6153289964983,0.0104245997958099,0.0104245997958099,-0.0317557756346479,1.03581143345049
2000,11,"standard",0.289,578,2.68449412147676,0.0371217480937239,14.8995689984542,0.145510431808876,0.145510431808876,0.14582696317712,1.11919795353561
2000,11,"constrained",0.289,578,3.19315963208832,0.289,16.8740011269725,0.16665584922997,0.16665584922997,0.152657309002119,1.1297507784206
2000,12,"standard",0.2935,587,1.84199842314068,0.0792043461902335,13.3552789969158,0.153056325543021,0.153056325543021,0.153418626739823,1.03890910283047
2000,12,"constrained",0.2935,587,2.04029534348588,0.2935,14.1845865903574,0.158306154272707,0.158306154272707,0.160011271296744,1.04118000872752
2000,13,"standard",0.302,604,2.40345040849462,0.0609033796140922,18.8382699204873,0.280252084411723,0.280252084411723,0.213048511935565,1.07721353103952
2000,13,"constrained",0.302,604,2.77745355239035,0.302,21.1157776478057,0.317073868806634,0.317073868806634,0.234410561036868,1.07828340782436
2000,14,"standard",0.2935,587,2.37816441506455,0.0516655380177737,18.1498049852955,0.0880602615630401,0.0880602615630401,0.174564892738651,1.03808581443335
2000,14,"constrained",0.2935,587,3.05015455643979,0.2935,22.0057812456774,0.0933004637207997,0.0933004637207997,0.16502343464383,1.04261698935535
2000,15,"standard",0.309,618,1.81275651288742,0.0872876335865118,13.2244692870269,0.166757594958219,0.166757594958219,0.172832069994822,1.04387627762887
2000,15,"constrained",0.309,618,2.05682489760792,0.309,14.7075214860993,0.162664970470967,0.162664970470967,0.17238170416614,1.04787423081808
2000,16,"standard",0.3045,609,2.20777305447633,0.0618242268453518,17.6863614738037,0.152186986892223,0.152186986892223,0.132628603554237,1.07598213414418
2000,16,"constrained",0.3045,609,2.61831333270457,0.3045,20.8127984970125,0.149710049541735,0.149710049541735,0.129512272725762,1.08606621361451
2000,17,"standard",0.285,570,2.53292594466518,0.0507981527468119,17.9474594857062,-0.0139085677447754,0.0139085677447754,0.000938050100986187,1.04319621829639
2000,17,"constrained",0.285,570,2.91291719015839,0.285,19.1396530443756,-0.00310741579810436,0.00310741579810436,0.0107819328510518,1.04403477149395
2000,18,"standard",0.298,596,2.1418292304189,0.110533596228498,22.7709264032743,-0.0991301303199208,0.0991301303199208,-0.0317506914039036,1.04993866529634
2000,18,"constrained",0.298,596,2.39463037111119,0.298,25.308709322553,-0.0934201014314526,0.0934201014314526,-0.0297831172575471,1.05378036152976
2000,19,"standard",0.302,604,1.86055892143093,0.0927727256587394,13.4657960769958,0.211073370816003,0.211073370816003,0.268605447208232,1.0633416907685
2000,19,"constrained",0.302,604,2.01671081963241,0.302,14.3263941552915,0.224343159894236,0.224343159894236,0.275155152371595,1.06485735981779
2000,20,"standard",0.299,598,1.90678227457439,0.0647884959525687,10.4636822636258,0.0504809189672217,0.0504809189672217,0.114612791038194,1.05893169835041
2000,20,"constrained",0.299,598,2.13541397736729,0.299,12.0054323355032,0.0518781361269696,0.0518781361269696,0.110293348163891,1.06404990471461
2000,21,"standard",0.304,608,2.06564635138991,0.0350142075903479,10.018166005794,-0.109074923369736,0.109074923369736,-0.141610244887227,1.0742391132068
2000,21,"constrained",0.304,608,2.63173417149759,0.304,12.3047005390187,-0.116645344254583,0.116645344254583,-0.153737808036042,1.09758515206582
2000,22,"standard",0.3005,601,2.49287532506757,0.0967191164855346,24.2838142121576,-0.159650961422686,0.159650961422686,-0.158297838538652,1.09019415304409
2000,22,"constrained",0.3005,601,2.80727681681576,0.3005,27.050546839382,-0.164389720623175,0.164389720623175,-0.156558440813628,1.09539470738262
2000,23,"standard",0.3055,611,2.85101999692989,0.07598493112131,21.9088039939478,0.251576360926498,0.251576360926498,0.192772391418661,1.06163111011165
2000,23,"constrained",0.3055,611,3.29609859741315,0.3055,23.925788874233,0.27694518647144,0.27694518647144,0.191419872525624,1.0619859438886
2000,24,"standard",0.294,588,1.86418632534002,0.0475647096510446,10.4472733525526,-0.012602552664589,0.012602552664589,0.0312678270234415,1.07229887080935
2000,24,"constrained",0.294,588,2.26543765625168,0.294,11.8734026421556,0.00399420012907914,0.00399420012907914,0.0398062851875059,1.08339640304179
2000,25,"standard",0.3055,611,2.452979923676,0.0427777575128745,21.0032732975775,-0.0315582372483032,0.0315582372483032,0.0442183563625376,1.05073340973432
2000,25,"constrained",0.3055,611,3.03657201354508,0.3055,25.2119917457388,-0.0268151310280977,0.0268151310280977,0.0227805612278232,1.05835819212284
2000,26,"standard",0.2975,595,2.23544564892316,0.0460843737657908,13.2803451612415,0.0363904442229064,0.0363904442229064,0.0552993154855136,1.05550985729694
2000,26,"constrained",0.2975,595,2.72358268276818,0.2975,15.1987868290722,0.0520064046641133,0.0520064046641133,0.0742510596659893,1.06655022943559
2000,27,"standard",0.293,586,1.94563562792928,0.0768355447115525,11.5896094758559,0.0853252281741019,0.0853252281741019,0.165430870253343,1.03859964344893
2000,27,"constrained",0.293,586,2.23551221516691,0.293,12.8861476112717,0.107077267366012,0.107077267366012,0.158462895672417,1.04058173040726
2000,28,"standard",0.3105,621,2.50252843743584,0.0820382336783522,19.4304879770641,-0.0159509350121052,0.0159509350121052,-0.0221722467392178,1.08581111114242
2000,28,"constrained",0.3105,621,2.83580949282335,0.3105,21.8515015877278,-0.0121666239267073,0.0121666239267073,-0.0322027314367661,1.09033200568073
2000,29,"standard",0.295,590,2.66478162359577,0.0480650200237497,17.1777118731256,-0.222718129397013,0.222718129397013,-0.156786428371101,1.06412259098795
2000,29,"constrained",0.295,590,3.22439433310199,0.295,19.0654797610911,-0.214641845331469,0.214641845331469,-0.15988083063455,1.07223629483062
2000,30,"standard",0.292,584,2.32234223473428,0.0610475965387125,15.613180201413,-0.061546667069825,0.061546667069825,-0.139823314205775,1.06060077248263
2000,30,"constrained",0.292,584,2.7240145976754,0.292,17.5851160127309,-0.0664769718081928,0.0664769718081928,-0.144316243627773,1.0669069471052
2000,31,"standard",0.314,628,2.3270960315506,0.0655705539758794,14.9600849138245,-0.200114388705494,0.200114388705494,-0.112757466614136,1.03414477983954
2000,31,"constrained",0.314,628,2.8930620473009,0.314,17.9383434099807,-0.207347370744137,0.207347370744137,-0.110837694976126,1.04460163986412
2000,32,"standard",0.302,604,2.37045747755251,0.0819335663060649,14.3713507756933,0.0727038109752867,0.0727038109752867,0.0789505364388645,1.03791506508816
2000,32,"constrained",0.302,604,2.70813990354811,0.302,16.2103340805006,0.102640958918405,0.102640958918405,0.104434070897533,1.04717789150638
2000,33,"standard",0.306,612,1.66563150659344,0.0784214541262264,12.4108279274014,0.0763616294776535,0.0763616294776535,0.126324929564841,1.08029837300045
2000,33,"constrained",0.306,612,1.90809627061923,0.306,14.5054675682224,0.0921238437410361,0.0921238437410361,0.133797294630128,1.0839413043458
2000,34,"standard",0.2835,567,2.17552275851451,0.0317432409712161,13.5408665892552,0.182711264432616,0.182711264432616,0.0611407694710462,1.05721299811999
2000,34,"constrained",0.2835,567,2.74132711044366,0.2835,16.1643060116228,0.187985999836038,0.187985999836038,0.0649770871926359,1.06747046131821
2000,35,"standard",0.3,600,2.13610011744268,0.0760359813919385,16.6662643585433,-0.0192998361185213,0.0192998361185213,0.0383666609548326,1.0189254289423
2000,35,"constrained",0.3,600,2.44793588859878,0.3,18.9547584622951,-0.0149796344812261,0.0149796344812261,0.042114970655625,1.02237809744134
2000,36,"standard",0.309,618,2.11401936723624,0.0788084181430319,16.2650872390529,-0.149702181022583,0.149702181022583,-0.0376909376612432,1.05916636157967
2000,36,"constrained",0.309,618,2.43636922754737,0.309,17.7755044347635,-0.140679496751854,0.140679496751854,-0.0299838394661991,1.06212933425431
2000,37,"standard",0.293,586,2.50671604082125,0.0481117091080846,14.7422518767659,0.036175172412042,0.036175172412042,0.00237540768130544,1.02750726878627
2000,37,"constrained",0.293,586,3.20456638814252,0.293,17.1648767663502,0.0414934768577613,0.0414934768577613,-0.0043955370841773,1.03318386998474
2000,38,"standard",0.3045,609,2.23857635428676,0.0872216984619714,17.4723376493452,0.191288954433739,0.191288954433739,0.251544791161755,1.07978844432054
2000,38,"constrained",0.3045,609,2.52551353070318,0.3045,19.099222829325,0.206402449327255,0.206402449327255,0.26051116911986,1.08518356650406
2000,39,"standard",0.288,576,2.09078469012795,0.0525638708088073,14.0562632310788,-0.0103632490696235,0.0103632490696235,0.151727246269207,1.07311751727142
2000,39,"constrained",0.288,576,2.45025805040581,0.288,16.3410657009894,0.00289993807214817,0.00289993807214817,0.147467719396094,1.07454692700827
2000,40,"standard",0.3085,617,2.72254804700183,0.0496341291581551,23.0064689254316,-0.0641356186142454,0.0641356186142454,-0.0845160857914597,1.05994317139682
2000,40,"constrained",0.3085,617,3.46582014053043,0.3085,27.4747450345508,-0.0640582276171964,0.0640582276171964,-0.0949797537973005,1.07602131687167
2000,41,"standard",0.3,600,1.69959885301591,0.106067658973583,12.493398571695,0.101567670524503,0.101567670524503,0.0710331109020512,1.05567048284811
2000,41,"constrained",0.3,600,1.84399458613145,0.3,13.3160889346203,0.1045471556307,0.1045471556307,0.074117463571665,1.0589301291873
2000,42,"standard",0.2965,593,2.1093423501511,0.0592283938768059,20.0790685009582,0.00817193016603568,0.00817193016603568,0.0423262322999633,1.04685550811692
2000,42,"constrained",0.2965,593,2.5713225033643,0.2965,23.8090922328555,0.0171713400021751,0.0171713400021751,0.0481573331082314,1.04919922276448
2000,43,"standard",0.3025,605,2.32144527747017,0.0608197490782931,16.8053842489576,0.127613179626804,0.127613179626804,0.13468618542529,1.08471085692107
2000,43,"constrained",0.3025,605,2.6299786635565,0.3025,18.0849339949821,0.13647071705516,0.13647071705516,0.114527162647641,1.08664448953024
2000,44,"standard",0.302,604,2.26316042213082,0.0394044162660573,16.1102910362857,0.0290026558655967,0.0290026558655967,-0.00121726318232839,1.02798033530772
2000,44,"constrained",0.302,604,2.90659545765448,0.302,19.9527644001676,0.0468801220205153,0.0468801220205153,0.00710987184195156,1.0291956347215
2000,45,"standard",0.307,614,2.80856066017523,0.0578322640151403,18.7974568867682,0.120002375720048,0.120002375720048,0.180368846620674,1.04031685312134
2000,45,"constrained",0.307,614,3.51875513347377,0.307,21.5474608462989,0.135821973210549,0.135821973210549,0.193005718643217,1.04412202395778
2000,46,"standard",0.2995,599,1.97394853320544,0.0621736538553043,14.4217920625743,-0.0566774882642669,0.0566774882642669,0.0192204187392186,1.03122222882765
2000,46,"constrained",0.2995,599,2.24451367191053,0.2995,15.9523186612434,-0.0388150451160794,0.0388150451160794,0.0306650434921097,1.03222242733945
2000,47,"standard",0.306,612,2.54037736753261,0.0715169608507396,18.3293070728737,-0.0315092670333561,0.0315092670333561,-0.0696216278746035,1.03801561085429
2000,47,"constrained",0.306,612,2.93930060008833,0.306,21.1716819591136,-0.0188540713928171,0.0188540713928171,-0.07503388712283,1.03779261846336
2000,48,"standard",0.2935,587,2.00564804534167,0.0512077064392665,10.5219265020532,0.122893172156321,0.122893172156321,0.0965354977621011,1.07009502502152
2000,48,"constrained",0.2935,587,2.35400879081451,0.2935,12.3861521995738,0.146073105326062,0.146073105326062,0.106251959266749,1.07719565711629
2000,49,"standard",0.2965,593,2.60187460903748,0.0898579105170888,18.0641272655601,-0.0646418931025758,0.0646418931025758,0.0599333186517964,1.04414913938735
2000,49,"constrained",0.2965,593,2.94206861039881,0.2965,19.9914932873818,-0.0585948048973162,0.0585948048973162,0.0486917939519574,1.05003619116809
2000,50,"standard",0.286,572,1.93954648775909,0.0448165923681526,10.5649489745429,-0.0162751229008933,0.0162751229008933,0.048268188571974,1.03903276919762
2000,50,"constrained",0.286,572,2.38665756885005,0.286,13.0880820309695,-0.016577959909486,0.016577959909486,0.0438197332827078,1.04169115221946
7000,1,"standard",0.302285714285714,2116,2.05073784630923,0.0921181513722458,21.1618503255969,-0.0385468457440243,0.0385468457440243,-0.0231875998562108,0.99514872047628
7000,1,"constrained",0.302285714285714,2116,2.2633837661143,0.302285714285714,23.654955357787,-0.0369782184141307,0.0369782184141307,-0.0212321260640202,0.996674712444908
7000,2,"standard",0.294285714285714,2060,2.6053051622842,0.0754535437797795,31.0272120468945,0.0279399598379797,0.0279399598379797,0.0514753534106621,1.00454352679596
7000,2,"constrained",0.294285714285714,2060,2.98350114815614,0.294285714285714,36.2717126816951,0.0371985659973397,0.0371985659973397,0.0546613868764296,1.00832521679583
7000,3,"standard",0.296714285714286,2077,1.8849430847094,0.0856827875151797,19.0403511737113,0.0560820094573904,0.0560820094573904,0.107385123488261,0.999986326349205
7000,3,"constrained",0.296714285714286,2077,2.13741883773554,0.296714285714286,22.3124067090637,0.0656488893022695,0.0656488893022695,0.11057153784537,1.00294857777748
7000,4,"standard",0.306571428571429,2146,2.07693010620203,0.08977281975808,19.6841124384552,0.0387350315216732,0.0387350315216732,0.0410957023604683,1.00280612449879
7000,4,"constrained",0.306571428571429,2146,2.34986345707928,0.306571428571428,22.629940234412,0.0393650838145563,0.0393650838145563,0.0389376441427628,1.00534786278355
7000,5,"standard",0.303142857142857,2122,2.29506659974529,0.0981929526490384,24.0623356748478,0.0172877467368817,0.0172877467368817,0.101429887906345,0.994357456910271
7000,5,"constrained",0.303142857142857,2122,2.59931581551327,0.303142857142857,27.5058506006243,0.0240283714536229,0.0240283714536229,0.102175027222505,0.994942140208917
7000,6,"standard",0.286571428571429,2006,2.24358633699512,0.0788110447395793,26.1517411926335,0.0653643062902702,0.0653643062902702,0.0466987015146947,0.98807695231463
7000,6,"constrained",0.286571428571429,2006,2.52840747995707,0.286571428571429,30.2245688020935,0.0719320528093439,0.0719320528093439,0.0537756861854252,0.988975884574409
7000,7,"standard",0.300428571428571,2103,2.29521384122962,0.0830560942573842,22.6887009331732,0.0889854146818312,0.0889854146818312,0.180101039992572,1.01745483869295
7000,7,"constrained",0.300428571428571,2103,2.64365093760692,0.300428571428571,25.9592292726507,0.102417889325631,0.102417889325631,0.18088483194271,1.02017318599809
7000,8,"standard",0.308714285714286,2161,2.22153586690444,0.0924799602945031,20.8224260765191,0.047756492770584,0.047756492770584,0.0695459279302374,0.994329322062449
7000,8,"constrained",0.308714285714286,2161,2.49439806587315,0.308714285714286,23.7635265353549,0.0558046641565486,0.0558046641565486,0.0734095778371405,0.99498658528292
7000,9,"standard",0.298,2086,2.12134926936112,0.0804705395427615,17.2687207102897,0.0497996177798701,0.0497996177798701,0.0574927379541765,0.981390354717504
7000,9,"constrained",0.298,2086,2.32812788380009,0.298,18.868641170562,0.0541545501543093,0.0541545501543093,0.0556318529537007,0.981628577072674
7000,10,"standard",0.299571428571429,2097,2.2980119797919,0.0964225310917645,24.9109820054704,-0.0102714439282687,0.0102714439282687,0.0144392834047383,0.991395967086436
7000,10,"constrained",0.299571428571429,2097,2.59792807504506,0.299571428571429,28.1732840532457,-0.00751489262938243,0.00751489262938243,0.014177855767933,0.992146414022917
7000,11,"standard",0.301428571428571,2110,2.1637083892234,0.0995612824956082,20.0575217046884,0.0128330586728103,0.0128330586728103,0.0406641872341877,0.991779182936289
7000,11,"constrained",0.301428571428571,2110,2.41513816375881,0.301428571428571,22.4007920811282,0.0232405567824019,0.0232405567824019,0.040087299982874,0.993848665495648
7000,12,"standard",0.300714285714286,2105,2.12176735707922,0.0856836185939271,17.2775697596582,0.10733202256601,0.10733202256601,0.149620937888193,1.00396679278517
7000,12,"constrained",0.300714285714286,2105,2.33267859360376,0.300714285714286,18.5827014229481,0.111364930629418,0.111364930629418,0.150104363541503,1.00516229850299
7000,13,"standard",0.303142857142857,2122,2.67721768540978,0.0627573036520879,23.1863141371323,-0.0669620944628884,0.0669620944628884,-0.0172878800163157,1.011413613195
7000,13,"constrained",0.303142857142857,2122,3.18147274235135,0.303142857142857,26.8481500978997,-0.0683615574078775,0.0683615574078775,-0.0238556612271237,1.01647570829779
7000,14,"standard",0.298428571428571,2089,2.05763336998406,0.0757976795993491,22.4279609431487,-0.0067990707203105,0.0067990707203105,0.00704922491018193,0.991664200325998
7000,14,"constrained",0.298428571428571,2089,2.32098493409603,0.298428571428571,25.5843715627574,-0.000224865950212205,0.000224865950212205,0.0095025849310098,0.992457257896957
7000,15,"standard",0.294571428571429,2062,2.20303824670417,0.0644944175832608,19.8042420245973,0.0694555191348041,0.0694555191348041,0.10900828937561,0.994376844394189
7000,15,"constrained",0.294571428571429,2062,2.50979648472259,0.294571428571429,22.0957255780949,0.0838604098501081,0.0838604098501081,0.11544614957748,0.995620992546354
7000,16,"standard",0.294,2058,2.10725944002673,0.0764646557454108,23.0987187560622,0.0834617450270301,0.0834617450270301,0.12167452509918,0.992459804471981
7000,16,"constrained",0.294,2058,2.41341745914318,0.294,27.178547055813,0.0968048016693208,0.0968048016693208,0.12679626904378,0.993167127371779
7000,17,"standard",0.296285714285714,2074,2.03897915844973,0.0920796168340676,18.9120658949963,0.107429028545029,0.107429028545029,0.149852677288812,0.995169056121664
7000,17,"constrained",0.296285714285714,2074,2.27482095670913,0.296285714285714,21.1311147959943,0.114515554468712,0.114515554468712,0.150922451473346,0.995541682357866
7000,18,"standard",0.294428571428571,2061,2.30676638183204,0.0998580415376934,21.7069328889871,-0.0262826057993415,0.0262826057993415,0.0394374791228377,0.994784831081514
7000,18,"constrained",0.294428571428571,2061,2.53654823944991,0.294428571428571,23.9796007064052,-0.0199394587975004,0.0199394587975004,0.0367851476630011,0.996945083210599
7000,19,"standard",0.301857142857143,2113,2.31008832570281,0.0956691098958098,30.7073957308521,0.0841163143262138,0.0841163143262138,0.0277750392466434,0.999051780330726
7000,19,"constrained",0.301857142857143,2113,2.64656310373022,0.301857142857143,35.8996478105437,0.0815036148141077,0.0815036148141077,0.0238878012348628,1.00344494569134
7000,20,"standard",0.300142857142857,2101,2.36885547330818,0.0657007652067984,25.7787168208392,-0.0783188100737799,0.0783188100737799,-0.0726509598932289,0.997346113477828
7000,20,"constrained",0.300142857142857,2101,2.87559258473571,0.300142857142857,32.0510086217782,-0.0760047383653486,0.0760047383653486,-0.0671093801253738,0.999550415686119
7000,21,"standard",0.300571428571429,2104,1.78288949911461,0.089031675807801,16.2838431068286,0.0316110680525989,0.0316110680525989,0.0467295404228651,0.989250232168496
7000,21,"constrained",0.300571428571429,2104,1.97300096284048,0.300571428571428,18.2647351823634,0.0407534581137572,0.0407534581137572,0.0504905830278968,0.989679713474751
7000,22,"standard",0.297571428571429,2083,2.54279137961808,0.0571073457641235,19.8498762712667,0.00641446873913143,0.00641446873913143,0.0343038861588401,0.982683044482456
7000,22,"constrained",0.297571428571429,2083,3.00028208858501,0.297571428571429,23.1914957490782,0.0159445048297231,0.0159445048297231,0.0366334666400422,0.985117149244416
7000,23,"standard",0.306285714285714,2144,2.41392318186937,0.0862935226169025,18.5748411208855,-0.047655440228894,0.047655440228894,-0.0212341467935212,0.994642005925642
7000,23,"constrained",0.306285714285714,2144,2.79010419294436,0.306285714285714,20.5773965924845,-0.0474940509806583,0.0474940509806583,-0.0194459228818064,0.996208068062174
7000,24,"standard",0.300428571428571,2103,2.33223808886895,0.0964602334959156,21.8862169485766,0.0667232389129682,0.0667232389129682,0.0978391366871248,0.990454895072039
7000,24,"constrained",0.300428571428571,2103,2.64495514322793,0.300428571428571,24.7762109130451,0.0720739726360229,0.0720739726360229,0.0970075208979655,0.992144537752177
7000,25,"standard",0.304857142857143,2134,1.89165775179788,0.0968058113079278,17.2666555480136,-0.073877635960109,0.073877635960109,-0.0220566332784902,0.977484849384996
7000,25,"constrained",0.304857142857143,2134,2.10220823224942,0.304857142857143,18.9477932763557,-0.0668773674989573,0.0668773674989573,-0.0225363805714715,0.978204408751594
7000,26,"standard",0.306857142857143,2148,2.19372633868753,0.0876585101782034,16.388761879295,0.126341127329954,0.126341127329954,0.115774892953591,0.991814438527684
7000,26,"constrained",0.306857142857143,2148,2.48319393166924,0.306857142857143,18.6144441672111,0.134239090001018,0.134239090001018,0.119203200564476,0.992917573074228
7000,27,"standard",0.290571428571429,2034,1.94105731521602,0.120545799947927,18.3208846702865,-0.0377164907824916,0.0377164907824916,-0.041896670425054,0.99118303158341
7000,27,"constrained",0.290571428571429,2034,2.06932274561351,0.290571428571429,19.4966324019396,-0.033452084760552,0.033452084760552,-0.0395268303479769,0.992137275100041
7000,28,"standard",0.300285714285714,2102,1.86375618377351,0.1073575875779,18.3108088089834,0.105229563309877,0.105229563309877,0.16154310230408,0.99458979872119
7000,28,"constrained",0.300285714285714,2102,2.03949368226617,0.300285714285714,20.040216178885,0.113935648737788,0.113935648737788,0.16275834722401,0.99572421410299
7000,29,"standard",0.302428571428571,2117,2.16111836239213,0.0933998085146125,23.1575129353358,-0.0402542789150306,0.0402542789150306,0.0122388208489213,0.992328583581254
7000,29,"constrained",0.302428571428571,2117,2.4284547404737,0.302428571428571,26.5184385637474,-0.0372220989453895,0.0372220989453895,0.00937879305123865,0.993729050908052
7000,30,"standard",0.305714285714286,2140,2.12920816538437,0.0694039972682556,17.1233176262521,0.0844488500601646,0.0844488500601646,0.128074920620041,1.0011104780821
7000,30,"constrained",0.305714285714286,2140,2.49693443211011,0.305714285714286,19.881670765285,0.0979120388439831,0.0979120388439831,0.127897448731219,1.00337433399108
7000,31,"standard",0.310142857142857,2171,2.24994727967628,0.0915210156858051,23.9480973083328,0.0829562519804483,0.0829562519804483,0.107721412740766,0.999777297715443
7000,31,"constrained",0.310142857142857,2171,2.56460077985351,0.310142857142857,27.0906711744974,0.0886856576554438,0.0886856576554438,0.106174119025997,1.00189960285637
7000,32,"standard",0.302571428571429,2118,2.10016159700692,0.0847011221410247,14.1671460785933,0.0907054120673925,0.0907054120673925,0.0928060144089059,0.986789953259098
7000,32,"constrained",0.302571428571429,2118,2.35136248548483,0.302571428571428,15.2818235159101,0.0990150568021759,0.0990150568021759,0.0940081751549662,0.987541630227765
7000,33,"standard",0.300428571428571,2103,2.17975479498586,0.114203326408993,17.7217385244848,-0.0523242205022445,0.0523242205022445,0.019867047727968,0.99857593875848
7000,33,"constrained",0.300428571428571,2103,2.38214587134203,0.300428571428571,19.353739693473,-0.0490441940531561,0.0490441940531561,0.0162622464624327,0.99963707395826
7000,34,"standard",0.303,2121,2.5570150674886,0.0731915156671389,26.2413083738623,0.02988316525781,0.02988316525781,0.0371170005174203,0.991811975057959
7000,34,"constrained",0.303,2121,2.95513495497811,0.303,30.3840297017386,0.0438195144911884,0.0438195144911884,0.045839750343804,0.99462145077137
7000,35,"standard",0.296,2072,2.28939533656372,0.0867772933131395,22.1265384645448,-0.0129462221227943,0.0129462221227943,0.0230219783131854,0.99333347349863
7000,35,"constrained",0.296,2072,2.53961191000331,0.296,24.59400499801,-0.00747011456009083,0.00747011456009083,0.0224595107566174,0.993764279932341
7000,36,"standard",0.296428571428571,2075,2.12681970738985,0.0921711455459757,14.8358577087907,0.066554544958171,0.066554544958171,0.0934892584911996,0.998205255961865
7000,36,"constrained",0.296428571428571,2075,2.35156337046015,0.296428571428571,16.6092322417188,0.0766577058645836,0.0766577058645836,0.0958056000596444,0.99965492186531
7000,37,"standard",0.296,2072,2.10114944499018,0.0884785824598766,17.4330832093772,0.0984719519416988,0.0984719519416988,0.105905317668481,1.00580971079979
7000,37,"constrained",0.296,2072,2.31884735898284,0.296,19.4790188686874,0.107558173744321,0.107558173744321,0.110022143333437,1.00728416351464
7000,38,"standard",0.301428571428571,2110,1.89336086144634,0.0951861538501567,15.5002683869777,0.0285649089093729,0.0285649089093729,0.0507139946743196,0.986735628894609
7000,38,"constrained",0.301428571428571,2110,2.0594034059496,0.301428571428571,17.0566044951488,0.0366069494366261,0.0366069494366261,0.0499488070833875,0.987538911901795
7000,39,"standard",0.295571428571429,2069,2.16506284981244,0.100145205226166,20.2843249143897,0.107258380235407,0.107258380235407,0.143885417124366,1.00730973134595
7000,39,"constrained",0.295571428571429,2069,2.37489433360636,0.295571428571429,22.3551453221815,0.120428370638053,0.120428370638053,0.147619167655003,1.00875269328449
7000,40,"standard",0.294142857142857,2059,2.45264157027239,0.0735471902899121,21.4644498712688,-0.0313551304898425,0.0313551304898425,-0.0115861220051188,0.999668835699048
7000,40,"constrained",0.294142857142857,2059,2.82797327506925,0.294142857142857,24.8199691289193,-0.0231182332082307,0.0231182332082307,-0.0109357945433127,1.00180978472948
7000,41,"standard",0.305571428571429,2139,2.47001170760718,0.057346284671875,18.2412308496052,0.0246573804445047,0.0246573804445047,0.0188149132999536,0.994073107527966
7000,41,"constrained",0.305571428571429,2139,3.00053614400026,0.305571428571429,22.2767387101161,0.0307726098682588,0.0307726098682588,0.0211396829674449,0.996327974187901
7000,42,"standard",0.302285714285714,2116,1.70857348824017,0.109779017876409,16.2526526240728,0.106254137452167,0.106254137452167,0.0730034030487601,0.99782282126536
7000,42,"constrained",0.302285714285714,2116,1.83802027305135,0.302285714285714,17.5064241145885,0.106773262103708,0.106773262103708,0.0726685430939201,0.999433456416853
7000,43,"standard",0.302857142857143,2120,2.144538315781,0.0779586707919351,16.8501229522099,0.00517407914985402,0.00517407914985402,0.0688281214219281,0.997289144872412
7000,43,"constrained",0.302857142857143,2120,2.48699790520598,0.302857142857143,19.3447226415533,0.0142530859427517,0.0142530859427517,0.068887843952096,0.999561292013723
7000,44,"standard",0.298857142857143,2092,2.3029526644535,0.0673718544367821,22.829515389117,-0.00976799979818921,0.00976799979818921,0.0265717875670084,0.989091190674442
7000,44,"constrained",0.298857142857143,2092,2.69585742751787,0.298857142857143,26.2669549624077,0.000789454399001244,0.000789454399001244,0.0244289361297979,0.991087735678813
7000,45,"standard",0.302428571428571,2117,2.44129918097223,0.0766185738605778,24.0030432690928,0.0648853051722016,0.0648853051722016,0.0893020745575319,1.00117996074743
7000,45,"constrained",0.302428571428571,2117,2.80692238181858,0.302428571428571,27.5505285473557,0.0708257158043981,0.0708257158043981,0.0903585572637962,1.00403537989099
7000,46,"standard",0.298142857142857,2087,2.40739707261472,0.0748209302710061,25.8174772600486,0.0825777407796568,0.0825777407796568,0.143580861846382,0.993196221995157
7000,46,"constrained",0.298142857142857,2087,2.83570835237673,0.298142857142857,30.9967500593327,0.0894399686298355,0.0894399686298355,0.13525262363376,0.993393957913889
7000,47,"standard",0.299285714285714,2095,2.20585717387599,0.0921739885534354,17.8437471878673,0.0911976117107285,0.0911976117107285,0.0856990349154741,0.988030687488494
7000,47,"constrained",0.299285714285714,2095,2.46366589015735,0.299285714285714,20.1864173640877,0.103485729890576,0.103485729890576,0.0894523550225219,0.988709357684778
7000,48,"standard",0.303285714285714,2123,2.11576934088212,0.0872578238834867,20.6512323515701,0.0307444143491713,0.0307444143491713,0.00336688398975954,0.985049410554848
7000,48,"constrained",0.303285714285714,2123,2.36527660045883,0.303285714285714,22.9847515950471,0.0368223586990641,0.0368223586990641,0.00328069719540313,0.986596116547379
7000,49,"standard",0.304857142857143,2134,1.94653683322292,0.110825235387236,16.9936570474994,-0.0120782889907716,0.0120782889907716,0.0130946572158627,0.987628929859739
7000,49,"constrained",0.304857142857143,2134,2.12791999036612,0.304857142857143,18.5851509071414,-0.00502439018825562,0.00502439018825562,0.0158394484284468,0.988020853657472
7000,50,"standard",0.300285714285714,2102,1.94213350529964,0.111554078105977,17.0835734997288,0.022783207567791,0.022783207567791,0.0602509398489281,0.987912734490579
7000,50,"constrained",0.300285714285714,2102,2.12220714975646,0.300285714285714,18.6760602680034,0.0247568374684155,0.0247568374684155,0.0571871596213661,0.988524632688939
15000,1,"standard",0.299333333333333,4490,1.80571469361018,0.0997404564771612,18.6945032445927,0.00460541316792895,0.00460541316792895,0.0156815462533011,0.977880322136839
15000,1,"constrained",0.299333333333333,4490,1.98391528421021,0.299333333333333,20.9923014977227,0.00836730549841747,0.00836730549841747,0.0166175332329228,0.978584293299011
15000,2,"standard",0.294933333333333,4424,2.37909128709145,0.0999006447148465,26.3022149128207,0.0826473174921762,0.0826473174921762,0.151254426757037,0.992583782384213
15000,2,"constrained",0.294933333333333,4424,2.66212601033286,0.294933333333333,29.7186614638497,0.0933770818607416,0.0933770818607416,0.149953287632212,0.993535634662225
15000,3,"standard",0.2966,4449,2.16036637382943,0.118820516820923,18.8074803292148,0.0232678926310914,0.0232678926310914,0.00587440707458337,0.98408598427252
15000,3,"constrained",0.2966,4449,2.34820942393938,0.2966,20.4976972467483,0.0253857715644781,0.0253857715644781,0.00778027242345405,0.984805803610412
15000,4,"standard",0.299,4485,2.13478570933688,0.103979020349137,25.4480553808337,0.0419118691323632,0.0419118691323632,0.0880990664121469,0.981774591938361
15000,4,"constrained",0.299,4485,2.35555701548701,0.299,28.6421842277206,0.0526537565929548,0.0526537565929548,0.0903328730031254,0.982612089229897
15000,5,"standard",0.294866666666667,4423,2.22995211839077,0.0844557725002747,24.0868140987203,-0.022338866011645,0.022338866011645,0.0167657966858381,0.978556497533919
15000,5,"constrained",0.294866666666667,4423,2.4921991250633,0.294866666666667,27.2626526421112,-0.016714087028233,0.016714087028233,0.0161215108847434,0.979819107051902
15000,6,"standard",0.306933333333333,4604,2.18504433349417,0.0873229440983995,18.6790676072314,0.0540978387367312,0.0540978387367312,0.0887421703677169,0.983235710947618
15000,6,"constrained",0.306933333333333,4604,2.50653675351458,0.306933333333333,21.8807178129069,0.0647969408577111,0.0647969408577111,0.0897836972387014,0.984553121575515
15000,7,"standard",0.2942,4413,1.84082337804693,0.107797827192885,15.7321609293807,0.0549813370700081,0.0549813370700081,0.0815637476999861,0.97632525835535
15000,7,"constrained",0.2942,4413,1.99638573961669,0.2942,17.2351895389929,0.0593759695729572,0.0593759695729572,0.0832663323209102,0.976741355398236
15000,8,"standard",0.299133333333333,4487,2.55660377726994,0.0825135804052571,27.3598350305217,0.00491311806391614,0.00491311806391614,0.0703859528621977,0.97996102378984
15000,8,"constrained",0.299133333333333,4487,2.96757578341058,0.299133333333333,32.1619768905745,0.0125183827161566,0.0125183827161566,0.0688958704189492,0.980880054205131
15000,9,"standard",0.298866666666667,4483,2.42360672825599,0.0927875198388326,23.5741831414079,0.00250973025559897,0.00250973025559897,0.0382135140465232,0.976592086023685
15000,9,"constrained",0.298866666666667,4483,2.7537681096754,0.298866666666667,26.6829056799663,0.0113473817115315,0.0113473817115315,0.0371805129348087,0.977333118015117
15000,10,"standard",0.293933333333333,4409,2.26008492759997,0.0878368722608032,29.7723139092607,0.0586372900319772,0.0586372900319772,0.0648690893797974,0.975692040064738
15000,10,"constrained",0.293933333333333,4409,2.57702640407369,0.293933333333333,35.0741617511756,0.0604694203487322,0.0604694203487322,0.062433120685021,0.977235566102197
15000,11,"standard",0.300333333333333,4505,1.94376051082136,0.0964482839204981,19.2720198000524,0.0465482587964958,0.0465482587964958,0.0383633478192917,0.979240562968717
15000,11,"constrained",0.300333333333333,4505,2.14701494212516,0.300333333333333,21.3621253311577,0.0523699470757837,0.0523699470757837,0.0427143482227387,0.980250719392612
15000,12,"standard",0.298133333333333,4472,2.19882607586471,0.0859766241786969,18.8706792118315,0.0359828217513334,0.0359828217513334,0.05276496299866,0.98066779573728
15000,12,"constrained",0.298133333333333,4472,2.46704969401008,0.298133333333333,21.2691724880563,0.0439159036161785,0.0439159036161785,0.0567511115167375,0.981872709473899
15000,13,"standard",0.3,4500,1.90435351897872,0.0924735871334492,20.2106126174102,0.0369109149582165,0.0369109149582165,0.057727504313641,0.978133148482228
15000,13,"constrained",0.3,4500,2.09198342831373,0.3,22.6290129295672,0.0434398836459593,0.0434398836459593,0.0600388917711908,0.978395987490836
15000,14,"standard",0.303466666666667,4552,2.23908287650101,0.116330142464045,24.1479252647461,-0.00869273447326879,0.00869273447326879,0.0190937266764469,0.981744788739047
15000,14,"constrained",0.303466666666667,4552,2.47444535389376,0.303466666666667,26.9963517444093,-0.000271157536494648,0.000271157536494648,0.0191761971802974,0.982653055111994
15000,15,"standard",0.291533333333333,4373,2.17321462739815,0.100755392440849,23.4553424349756,0.0425438528470332,0.0425438528470332,0.063890417415651,0.981572190217583
15000,15,"constrained",0.291533333333333,4373,2.403363248194,0.291533333333333,26.280769364063,0.0489800601910027,0.0489800601910027,0.0689451227086614,0.98233731677046
15000,16,"standard",0.296466666666667,4447,2.19409861121392,0.099018202161403,25.2749014470465,0.00415043854636021,0.00415043854636021,0.0420193543914933,0.979803114351408
15000,16,"constrained",0.296466666666667,4447,2.40466377659435,0.296466666666667,28.1560954955067,0.00971299789706759,0.00971299789706759,0.0429482483617195,0.980664168246476
15000,17,"standard",0.297333333333333,4460,2.24345144279584,0.0950404485605697,18.6510942149469,0.0286849922467596,0.0286849922467596,0.0649495226278116,0.979654749933139
15000,17,"constrained",0.297333333333333,4460,2.50391550980795,0.297333333333333,20.7639859605158,0.0400265334439212,0.0400265334439212,0.0715128793986348,0.980085832660301
15000,18,"standard",0.304666666666667,4570,2.19026727230877,0.08975095261123,20.2609994977315,0.0597487998199915,0.0597487998199915,0.0827173943559872,0.979070443408401
15000,18,"constrained",0.304666666666667,4570,2.46947735658265,0.304666666666667,22.812712546493,0.0688175526791239,0.0688175526791239,0.0838265863938835,0.979766018284864
15000,19,"standard",0.302066666666667,4531,2.07631037431803,0.0981003174741521,21.7693225120968,0.0591480916614833,0.0591480916614833,0.0954429683615339,0.985954932363222
15000,19,"constrained",0.302066666666667,4531,2.33253341584498,0.302066666666667,24.4779632411291,0.0685579367346119,0.0685579367346119,0.095735184924195,0.986476756722275
15000,20,"standard",0.301266666666667,4519,2.2038111503544,0.102665994996996,22.1730651185416,0.0701379615024544,0.0701379615024544,0.0638343620039631,0.981289876100083
15000,20,"constrained",0.301266666666667,4519,2.4498071348691,0.301266666666667,24.7696462950941,0.0821032200745764,0.0821032200745764,0.0660770349513734,0.981998863116247
15000,21,"standard",0.2946,4419,2.21142273897909,0.0839084361899847,20.7496330017691,0.0493583207677704,0.0493583207677704,0.0745380842784002,0.981128278673123
15000,21,"constrained",0.2946,4419,2.48729200325375,0.2946,23.4890587310538,0.0587044265719587,0.0587044265719587,0.0764377597454259,0.982133627676941
15000,22,"standard",0.301266666666667,4519,2.0851305767374,0.0872298211059365,23.4590430885267,-0.037952309339202,0.037952309339202,-0.0267578830195726,0.983008625139005
15000,22,"constrained",0.301266666666667,4519,2.38035394338577,0.301266666666667,27.89171345985,-0.0366024319627574,0.0366024319627574,-0.0262110733035839,0.984550623918585
15000,23,"standard",0.296266666666667,4444,1.86781990768854,0.118853836788132,19.0714004667222,0.00437406844196264,0.00437406844196264,0.0122305494552018,0.976818394815274
15000,23,"constrained",0.296266666666667,4444,2.01072309829786,0.296266666666667,20.8586833952502,0.00687784426896698,0.00687784426896698,0.0132716164211983,0.976967483754182
15000,24,"standard",0.295866666666667,4438,1.99260427128337,0.100501585551407,20.6212215819153,-0.0699530923773066,0.0699530923773066,-0.0175100461784956,0.973894381980702
15000,24,"constrained",0.295866666666667,4438,2.21293452066545,0.295866666666667,23.371100685342,-0.0647576871870585,0.0647576871870585,-0.0166486824573184,0.974403914915753
15000,25,"standard",0.3032,4548,2.0740886635518,0.0885891816297978,20.2854003016135,0.105816793114965,0.105816793114965,0.128754421368738,0.981863454177351
15000,25,"constrained",0.3032,4548,2.31983979234767,0.3032,23.0533059827133,0.116271091517412,0.116271091517412,0.131486851623479,0.9824673017026
15000,26,"standard",0.294933333333333,4424,2.2042899895219,0.0781284372387985,28.1351410399836,0.0650823507357607,0.0650823507357607,0.0993429810694884,0.983853538416386
15000,26,"constrained",0.294933333333333,4424,2.51713395749911,0.294933333333333,33.0806279814879,0.0802590137701626,0.0802590137701626,0.104650624140435,0.984623021588266
15000,27,"standard",0.295933333333333,4439,1.83844779930241,0.094255589681337,17.0761924731729,0.0216535544276164,0.0216535544276164,0.0238548649918964,0.978706101223013
15000,27,"constrained",0.295933333333333,4439,1.979870843299,0.295933333333333,18.6171548908946,0.0261731072078586,0.0261731072078586,0.0269291051766388,0.979052715353729
15000,28,"standard",0.301066666666667,4516,2.44398875080921,0.0914648972296262,26.7375108852701,0.056281099819711,0.056281099819711,0.0881903301885805,0.980494442469476
15000,28,"constrained",0.301066666666667,4516,2.76384462409221,0.301066666666667,30.5931084349897,0.0671940121066088,0.0671940121066088,0.0905808749052067,0.980726453002246
15000,29,"standard",0.298066666666667,4471,2.01660762289382,0.09463453686945,22.5562176841617,-0.0237599266923914,0.0237599266923914,-0.00795838231773165,0.975788469156929
15000,29,"constrained",0.298066666666667,4471,2.24707735006005,0.298066666666667,25.7564524390737,-0.0204730819531864,0.0204730819531864,-0.00750755438996067,0.976231428204164
15000,30,"standard",0.3018,4527,2.0684780157164,0.109723808228196,20.6357235011843,0.0103118379062792,0.0103118379062792,0.056499650704025,0.982904508745376
15000,30,"constrained",0.3018,4527,2.29280843955768,0.3018,23.0676756064495,0.0176813188377363,0.0176813188377363,0.0593075555547046,0.983831510001495
15000,31,"standard",0.300733333333333,4511,2.20657290168892,0.0751592806154667,23.2231138767572,0.0881971502980159,0.0881971502980159,0.0960371406589525,0.980977433153642
15000,31,"constrained",0.300733333333333,4511,2.57211255120109,0.300733333333333,27.4920703693001,0.0971999991112282,0.0971999991112282,0.0953511420651568,0.981149711243289
15000,32,"standard",0.2992,4488,2.16079957498303,0.0897717376202136,23.2306016972421,0.0672632810696747,0.0672632810696747,0.0879454583995052,0.980406472862531
15000,32,"constrained",0.2992,4488,2.43248031471464,0.2992,26.6659360807681,0.0752630297791406,0.0752630297791406,0.0925388615895793,0.981143361997712
15000,33,"standard",0.298866666666667,4483,2.2406868976737,0.100772521854246,22.4384936552845,0.0630511340937367,0.0630511340937367,0.102190045473867,0.986688963453356
15000,33,"constrained",0.298866666666667,4483,2.5323284134374,0.298866666666667,25.5477378137133,0.0755966961248902,0.0755966961248902,0.104000238575851,0.98779994521792
15000,34,"standard",0.301733333333333,4526,2.21138765024556,0.0996631966925305,20.7806536794593,0.0700733972397742,0.0700733972397742,0.101523868455864,0.978505683906312
15000,34,"constrained",0.301733333333333,4526,2.45331256375316,0.301733333333333,23.502108748669,0.0787702129690064,0.0787702129690064,0.105036881133768,0.979015425365463
15000,35,"standard",0.301466666666667,4522,2.05729042430411,0.104728254617157,17.1017743095291,0.0354653967846099,0.0354653967846099,0.0608076922111672,0.982281782771148
15000,35,"constrained",0.301466666666667,4522,2.26217512073751,0.301466666666667,18.8573639802691,0.0405543429608084,0.0405543429608084,0.0630185807468745,0.982552283103342
15000,36,"standard",0.3014,4521,2.01268210973887,0.10246667026414,22.0157263675128,0.107074748108421,0.107074748108421,0.119815065492158,0.981256866720452
15000,36,"constrained",0.3014,4521,2.21399194979766,0.3014,24.5186971057389,0.114774336670124,0.114774336670124,0.121842172643879,0.981628959518655
15000,37,"standard",0.302266666666667,4534,2.20133702326905,0.104798142585206,21.4857653923209,-0.0138043985134626,0.0138043985134626,0.027144714770151,0.976428831170577
15000,37,"constrained",0.302266666666667,4534,2.45125260047822,0.302266666666667,24.1080875666727,-0.00824426862483918,0.00824426862483918,0.0280416495339791,0.976978171745323
15000,38,"standard",0.3022,4533,2.27606851684209,0.0927097161270006,22.5577418307208,0.046840958997894,0.046840958997894,0.0960276784871282,0.985154319971725
15000,38,"constrained",0.3022,4533,2.55417757533605,0.3022,25.0538972830175,0.056999545652066,0.056999545652066,0.0965044727581752,0.986592828774067
15000,39,"standard",0.3044,4566,2.00106658659335,0.109976651364193,16.2586521845598,0.00286685671651377,0.00286685671651377,0.0431947272585963,0.978954812437947
15000,39,"constrained",0.3044,4566,2.20066799940079,0.3044,17.642051666367,0.00911489606964544,0.00911489606964544,0.0441494352343551,0.979830906631618
15000,40,"standard",0.3008,4512,1.90480832938256,0.0907962639910272,20.8256773086484,0.0359858467173053,0.0359858467173053,0.055902518989669,0.977208386562759
15000,40,"constrained",0.3008,4512,2.09810000429344,0.3008,23.4909936515523,0.0411573293999883,0.0411573293999883,0.0577994583050688,0.977409429020899
15000,41,"standard",0.3002,4503,2.23263411321341,0.0921098888694752,26.3262967602025,-0.00545104244270789,0.00545104244270789,0.0302770728409511,0.97882097185486
15000,41,"constrained",0.3002,4503,2.50986531024216,0.3002,30.3036661404064,-0.00075045287225084,0.00075045287225084,0.0337915140686933,0.97957327862768
15000,42,"standard",0.307866666666667,4618,1.86931627669809,0.102632710600279,18.2733977497371,0.0705778431301791,0.0705778431301791,0.0793106056971996,0.974850628475076
15000,42,"constrained",0.307866666666667,4618,2.0593938556594,0.307866666666667,20.4769589110861,0.0798248230773302,0.0798248230773302,0.0827726326515176,0.975394027699166
15000,43,"standard",0.3086,4629,2.03157741915615,0.109881878314803,20.5303635189634,0.0203140201079135,0.0203140201079135,0.035602782738938,0.978466141017031
15000,43,"constrained",0.3086,4629,2.27843057797402,0.3086,23.4471280696009,0.0296463414526436,0.0296463414526436,0.0379410832252557,0.979045207271393
15000,44,"standard",0.293733333333333,4406,2.18565314565037,0.103153345620905,21.1884258108223,0.0679023097167253,0.0679023097167253,0.0885383963013896,0.985795010906928
15000,44,"constrained",0.293733333333333,4406,2.41546026535113,0.293733333333333,23.5421020066448,0.0744210650722827,0.0744210650722827,0.0903674265045108,0.98615137701779
15000,45,"standard",0.305266666666667,4579,1.97681196167967,0.106430867766583,19.6747235042675,0.0115660511849383,0.0115660511849383,0.0255548506213953,0.97404721621174
15000,45,"constrained",0.305266666666667,4579,2.18529630506829,0.305266666666667,21.9026686153048,0.0174421692860056,0.0174421692860056,0.0312741974617675,0.97433517082718
15000,46,"standard",0.296533333333333,4448,2.10419416008859,0.0923203555027261,20.6261554671786,0.105317531231278,0.105317531231278,0.112361547391616,0.98464769995755
15000,46,"constrained",0.296533333333333,4448,2.37995470900053,0.296533333333333,23.5343148238836,0.110931200527726,0.110931200527726,0.114579397597274,0.985406717344038
15000,47,"standard",0.308666666666667,4630,2.23305862820441,0.088267367830548,22.9741171826007,0.00090138486808744,0.00090138486808744,0.0438806302605928,0.976476906690633
15000,47,"constrained",0.308666666666667,4630,2.53854288384766,0.308666666666667,26.5954248477357,0.00710140316685415,0.00710140316685415,0.0419112866256747,0.977029732361755
15000,48,"standard",0.303533333333333,4553,2.09828359404781,0.104467353193856,22.0311888949286,-0.00868897729267548,0.00868897729267548,0.00471910695712789,0.98016533603147
15000,48,"constrained",0.303533333333333,4553,2.30092744905189,0.303533333333333,24.5365412732607,-0.00237525990306686,0.00237525990306686,0.0076814438261609,0.980519272307506
15000,49,"standard",0.3018,4527,2.03172357814696,0.0969577413459194,24.3235361386933,0.0236960482323498,0.0236960482323498,0.0570891435628632,0.980614117645296
15000,49,"constrained",0.3018,4527,2.26952011047508,0.3018,27.9332820984348,0.0276577876289439,0.0276577876289439,0.0601196194986226,0.9807981002193
15000,50,"standard",0.299933333333333,4499,1.9537033127614,0.104290127051208,19.2566604561398,0.0125223636560996,0.0125223636560996,0.0497683025132357,0.979797034433457
15000,50,"constrained",0.299933333333333,4499,2.12692327116379,0.299933333333333,21.2760040088402,0.0181205528197532,0.0181205528197532,0.052379293424985,0.980626666503543
30000,1,"standard",0.299766666666667,8993,2.04884498478216,0.104547034685138,20.8398576409928,0.0457362212169263,0.0457362212169263,0.0646104799560025,0.973293440912646
30000,1,"constrained",0.299766666666667,8993,2.24960703865376,0.299766666666667,23.2484605493819,0.0522030789243066,0.0522030789243066,0.064959250778964,0.973486302506388
30000,2,"standard",0.299866666666667,8996,2.19735799730213,0.0953473425022177,27.908572614572,0.00834075694428904,0.00834075694428904,0.0339838419399171,0.97323752843061
30000,2,"constrained",0.299866666666667,8996,2.44249848866067,0.299866666666667,31.9282129033863,0.0151568811630973,0.0151568811630973,0.0357718747572243,0.973724533260918
30000,3,"standard",0.3033,9099,2.17402909985983,0.0909618158757293,22.3058425710419,0.0306358306615229,0.0306358306615229,0.0525618689543303,0.976869880196711
30000,3,"constrained",0.3033,9099,2.44089536206666,0.3033,25.3591605846408,0.0378064404440046,0.0378064404440046,0.0548122096194969,0.977508331529299
30000,4,"standard",0.301766666666667,9053,2.08436155096316,0.094820636605065,21.4521564283482,0.0719431870093885,0.0719431870093885,0.105104912479389,0.977091298062837
30000,4,"constrained",0.301766666666667,9053,2.34895459678736,0.301766666666667,24.5423193911185,0.0826941382126352,0.0826941382126352,0.105192274091943,0.977584474019933
30000,5,"standard",0.297066666666667,8912,2.10325853922997,0.0951488748880903,20.1922824617074,0.0260774138423807,0.0260774138423807,0.0407246749335862,0.972152595714508
30000,5,"constrained",0.297066666666667,8912,2.34313278558753,0.297066666666667,22.7663445070657,0.03120942617557,0.03120942617557,0.0428917123889806,0.972654282494435
30000,6,"standard",0.2971,8913,2.1881366831755,0.0947079801576386,24.9820704507436,0.0365539541701576,0.0365539541701576,0.0856006468260207,0.978349571781404
30000,6,"constrained",0.2971,8913,2.4243482562082,0.2971,28.3501679087585,0.0448178643551609,0.0448178643551609,0.0874496155411936,0.978544550199582
30000,7,"standard",0.298833333333333,8965,2.18919223927635,0.091623543815613,26.4246767611406,0.0272930127597855,0.0272930127597855,0.0572335543465987,0.973306523206582
30000,7,"constrained",0.298833333333333,8965,2.4645478133004,0.298833333333333,30.4312228760987,0.0342272003544473,0.0342272003544473,0.0559677311952757,0.973609252642309
30000,8,"standard",0.298833333333333,8965,2.14645834543647,0.0927871715386308,24.1012815683328,0.0456142465150498,0.0456142465150498,0.0393189107922469,0.9742137969503
30000,8,"constrained",0.298833333333333,8965,2.38025204424631,0.298833333333333,27.3652278464411,0.0525795831062243,0.0525795831062243,0.0453581120856064,0.973999277544813
30000,9,"standard",0.294833333333333,8845,2.22452187624285,0.0878882241517407,25.8930857386243,0.0586483074532236,0.0586483074532236,0.0958929997825646,0.979378864983531
30000,9,"constrained",0.294833333333333,8845,2.47542990512908,0.294833333333333,29.5440975190375,0.0680831958126706,0.0680831958126706,0.096517629651325,0.980056878200167
30000,10,"standard",0.296233333333333,8887,2.37305486150365,0.0925759881999096,28.5410566049911,0.0357663268894592,0.0357663268894592,0.0650577012113054,0.972914702400483
30000,10,"constrained",0.296233333333333,8887,2.69366685740796,0.296233333333333,33.3692587750071,0.0432942030570063,0.0432942030570063,0.0653254965367215,0.973211887324845
30000,11,"standard",0.300566666666667,9017,2.12845293978503,0.0975559809860057,25.552206504432,0.0709527606256799,0.0709527606256799,0.0926814483205947,0.97701018596778
30000,11,"constrained",0.300566666666667,9017,2.36988175192508,0.300566666666667,29.5886364004354,0.0823402390092332,0.0823402390092332,0.094739328383662,0.977092706976866
30000,12,"standard",0.3023,9069,2.21681291322478,0.104978842040417,23.2915147154404,0.0546030528856738,0.0546030528856738,0.054808238913438,0.974830657095147
30000,12,"constrained",0.3023,9069,2.46230650794047,0.3023,26.2129616980716,0.0607296638327703,0.0607296638327703,0.0568710414732493,0.975123937278829
30000,13,"standard",0.3,9000,2.10668002543534,0.106955824670804,22.7750549731872,0.0501581833043723,0.0501581833043723,0.0724775634600691,0.974342874778807
30000,13,"constrained",0.3,9000,2.34368282870637,0.3,25.7875849899058,0.056979319835988,0.056979319835988,0.0738518707387271,0.974518244793818
30000,14,"standard",0.301066666666667,9032,2.14598508175497,0.0919349208416977,21.5143669395875,0.0362092776436436,0.0362092776436436,0.0637083702387048,0.974625301039408
30000,14,"constrained",0.301066666666667,9032,2.37226858308729,0.301066666666667,23.9700994922622,0.0428432791918354,0.0428432791918354,0.0647737081593469,0.974757200479346
30000,15,"standard",0.302866666666667,9086,2.02876763605848,0.0985134350060726,23.313970273691,0.066306682001751,0.066306682001751,0.0963566311864227,0.975555579942938
30000,15,"constrained",0.302866666666667,9086,2.24531938095675,0.302866666666667,26.5478145070339,0.0735592978683455,0.0735592978683455,0.0992642041094465,0.975975820270531
30000,16,"standard",0.302533333333333,9076,2.21252951796345,0.0969179846097435,25.6508560003848,0.0331028769439374,0.0331028769439374,0.0811883750888906,0.975053798326416
30000,16,"constrained",0.302533333333333,9076,2.48710634833881,0.302533333333333,29.4756837950471,0.0417893383498331,0.0417893383498331,0.084407960972602,0.975411345615161
30000,17,"standard",0.2986,8958,2.16134060950317,0.0863442621364696,23.918965757893,0.051347437100774,0.051347437100774,0.103909072740981,0.979130482227896
30000,17,"constrained",0.2986,8958,2.46568921810654,0.2986,27.8398274332912,0.061723780687732,0.061723780687732,0.105493619255256,0.979614635617695
30000,18,"standard",0.3012,9036,2.10133322812141,0.0976616579728852,22.913021879161,0.0250028368517903,0.0250028368517903,0.0502212883973592,0.978623959437616
30000,18,"constrained",0.3012,9036,2.35717042410709,0.3012,26.1948036558637,0.0284848560451358,0.0284848560451358,0.0516551882823476,0.979453758129996
30000,19,"standard",0.296866666666667,8906,2.11682395647762,0.102571653898924,22.3799917795073,0.0169170168408295,0.0169170168408295,0.0566993117053511,0.972702984330054
30000,19,"constrained",0.296866666666667,8906,2.3381783782516,0.296866666666667,25.1229201769265,0.0233612821670537,0.0233612821670537,0.0579201088356941,0.972922498839096
30000,20,"standard",0.3015,9045,2.34498516944021,0.0890162913679403,26.4191537655924,0.0327713299420189,0.0327713299420189,0.087851375312866,0.977162170859452
30000,20,"constrained",0.3015,9045,2.68781743911424,0.3015,30.6018205569419,0.0443127001076462,0.0443127001076462,0.0894730705200357,0.977479313905214
30000,21,"standard",0.296366666666667,8891,2.0969584350889,0.107852034668923,22.5459431147861,0.0400998512567901,0.0400998512567901,0.0615153490264246,0.976109107646415
30000,21,"constrained",0.296366666666667,8891,2.31142938035925,0.296366666666667,25.3691069538575,0.0439137597377224,0.0439137597377224,0.0618402519485523,0.976960021323419
30000,22,"standard",0.297066666666667,8912,2.05977783458141,0.10235521380182,20.767500689744,0.00797246014467934,0.00797246014467934,0.0438166037426912,0.972097653402158
30000,22,"constrained",0.297066666666667,8912,2.2704807711425,0.297066666666667,23.1539642100485,0.0138818302604973,0.0138818302604973,0.04429945584059,0.972379339778696
30000,23,"standard",0.303266666666667,9098,2.06609039998529,0.0885046650985555,22.8588058005629,-0.0303828122816796,0.0303828122816796,0.0260776001353715,0.972520186802747
30000,23,"constrained",0.303266666666667,9098,2.33027449757507,0.303266666666667,26.4256968569671,-0.0244825868880962,0.0244825868880962,0.0292876433058141,0.97309388728118
30000,24,"standard",0.299833333333333,8995,2.24020819779451,0.0981720128547358,26.2774589087797,0.0409370244010878,0.0409370244010878,0.0673840152184452,0.974596492038388
30000,24,"constrained",0.299833333333333,8995,2.50126875227511,0.299833333333333,30.0866097406904,0.0470377053268969,0.0470377053268969,0.0665492643659868,0.975001864035231
30000,25,"standard",0.3017,9051,2.02330719617436,0.100060599153247,20.2474072883569,0.0460182026889147,0.0460182026889147,0.066623243028591,0.976811180456624
30000,25,"constrained",0.3017,9051,2.21366028820208,0.3017,22.5054097115496,0.0548050316232116,0.0548050316232116,0.071142950123649,0.977212251699882
30000,26,"standard",0.2967,8901,2.02724303886736,0.0940393473412515,23.3580269821154,0.0209079667591432,0.0209079667591432,0.0509651326003245,0.975616348758105
30000,26,"constrained",0.2967,8901,2.24402618656277,0.2967,26.7386094080821,0.0264162179776601,0.0264162179776601,0.0528413244587454,0.976068143793514
30000,27,"standard",0.301833333333333,9055,2.05416061715447,0.0830636717884593,21.2997267005107,0.0577530862315614,0.0577530862315614,0.0908339505804743,0.984400874279667
30000,27,"constrained",0.301833333333333,9055,2.31611376559378,0.301833333333333,24.5616679906384,0.067208573791536,0.067208573791536,0.0893398436763468,0.985106244899571
30000,28,"standard",0.300033333333333,9001,2.04856408501769,0.0988395226271451,25.2112984465699,0.0477484289758277,0.0477484289758277,0.0643715404031877,0.973773242306091
30000,28,"constrained",0.300033333333333,9001,2.26880427602808,0.300033333333333,28.8130999240215,0.0551044353808479,0.0551044353808479,0.0674817082508067,0.973911990693156
30000,29,"standard",0.3021,9063,2.11957205961062,0.102293282749264,24.990351728673,0.0541106783407637,0.0541106783407637,0.0580151254494101,0.974010634888905
30000,29,"constrained",0.3021,9063,2.36939389513746,0.3021,28.59435715532,0.060958794713982,0.060958794713982,0.0594434253167363,0.974269811310374
30000,30,"standard",0.297833333333333,8935,2.08217336199469,0.102826657461178,21.7973021794906,0.0274604553212363,0.0274604553212363,0.0334858751802853,0.971093926379873
30000,30,"constrained",0.297833333333333,8935,2.28842581201676,0.297833333333333,24.241099547987,0.0322580629736038,0.0322580629736038,0.0335743038056089,0.971185543330782
30000,31,"standard",0.298666666666667,8960,2.15061150334108,0.0981418774098762,22.9735151948793,0.0302537773334022,0.0302537773334022,0.0692890307600909,0.972784729103154
30000,31,"constrained",0.298666666666667,8960,2.40561875925171,0.298666666666667,26.4095024867567,0.0389854883104803,0.0389854883104803,0.073516969478447,0.972761164012245
30000,32,"standard",0.301066666666667,9032,2.14814776156489,0.0922905970283469,21.263477512481,0.07509554129902,0.07509554129902,0.0969637106626853,0.980463921911222
30000,32,"constrained",0.301066666666667,9032,2.37624604000121,0.301066666666667,24.0400532959791,0.083022235305493,0.083022235305493,0.100532866177845,0.980894459779537
30000,33,"standard",0.300833333333333,9025,2.09740051822035,0.102145822628103,22.2990775446502,-0.0299996376692651,0.0299996376692651,0.00659403093718668,0.974802805904974
30000,33,"constrained",0.300833333333333,9025,2.30453653770506,0.300833333333333,25.226739187577,-0.0265640106299143,0.0265640106299143,0.00716061690928842,0.975125940387711
30000,34,"standard",0.301633333333333,9049,2.05481607073994,0.110213734891749,25.6024926962586,0.00684579573418187,0.00684579573418187,0.0297742343471608,0.972390768251946
30000,34,"constrained",0.301633333333333,9049,2.24700979913352,0.301633333333333,28.7165917936226,0.0143899353364247,0.0143899353364247,0.0326285352127752,0.972632423402993
30000,35,"standard",0.299566666666667,8987,2.12558045621655,0.103388467236882,22.3654667860214,0.00248709042039952,0.00248709042039952,0.0281587623795497,0.970435205054455
30000,35,"constrained",0.299566666666667,8987,2.34203547959352,0.299566666666667,25.1135651747727,0.00656359421416131,0.00656359421416131,0.0276861258742719,0.970613823497741
30000,36,"standard",0.298133333333333,8944,2.18501043969839,0.101385269553866,25.2327038587379,0.0279559496427435,0.0279559496427435,0.0693388544455519,0.973797397252588
30000,36,"constrained",0.298133333333333,8944,2.43302483668222,0.298133333333333,28.8248338622846,0.0334217407526083,0.0334217407526083,0.0707355306306884,0.973997327296889
30000,37,"standard",0.2975,8925,2.05591524054184,0.0977413932756823,20.9048249314612,0.0219612997662377,0.0219612997662377,0.0398191371369062,0.972730110049853
30000,37,"constrained",0.2975,8925,2.29737737501147,0.2975,23.8058943652741,0.026396956993338,0.026396956993338,0.0406203071869626,0.973144393908955
30000,38,"standard",0.298833333333333,8965,2.17751405994625,0.0907466109181093,18.7743002774404,0.0918288694327831,0.0918288694327831,0.110714669739629,0.979427444144974
30000,38,"constrained",0.298833333333333,8965,2.42620281356737,0.298833333333333,20.9535144408459,0.100213074511679,0.100213074511679,0.115294877399186,0.979508123075295
30000,39,"standard",0.3017,9051,2.29388307118989,0.0942432624480697,27.8308672220554,0.00264743523849287,0.00264743523849287,0.0120556732700973,0.975262236725637
30000,39,"constrained",0.3017,9051,2.61674947715616,0.3017,32.5067556862362,0.00689356728245283,0.00689356728245283,0.0144769454511322,0.975884866337307
30000,40,"standard",0.300733333333333,9022,2.29218933158728,0.0950462745408714,23.7589300229401,0.0264390376569015,0.0264390376569015,0.0607487763713886,0.975862457598864
30000,40,"constrained",0.300733333333333,9022,2.5882535933375,0.300733333333333,27.2683522608912,0.035709789579248,0.035709789579248,0.0615419844093138,0.976389246874693
30000,41,"standard",0.300833333333333,9025,2.13505809039416,0.0883996278208199,26.2171010177973,0.0653436773377241,0.0653436773377241,0.0896462801301147,0.974909293443611
30000,41,"constrained",0.300833333333333,9025,2.41557507579826,0.300833333333333,30.9278720405458,0.072049769141012,0.072049769141012,0.0897458748752057,0.974878913074796
30000,42,"standard",0.299733333333333,8992,2.21085551017352,0.10146951301386,23.7242661494535,0.0343964219173714,0.0343964219173714,0.0454350758358332,0.972862257899296
30000,42,"constrained",0.299733333333333,8992,2.47250136720157,0.299733333333333,26.7635157129703,0.0416956829144208,0.0416956829144208,0.0490166758390215,0.972908084051456
30000,43,"standard",0.297,8910,2.10949943793315,0.10300671041082,20.9696684351918,0.0497551656435533,0.0497551656435533,0.0848402561820377,0.9782946904953
30000,43,"constrained",0.297,8910,2.33020925434241,0.297,23.4160747341162,0.058445734533584,0.058445734533584,0.0860401622705655,0.978766507710043
30000,44,"standard",0.3032,9096,2.25932600624339,0.0874916036079852,26.2816006215839,0.00601644300764104,0.00601644300764104,0.025935464325041,0.979883156589162
30000,44,"constrained",0.3032,9096,2.56734395130339,0.3032,30.8875075621242,0.0110763797053668,0.0110763797053668,0.027594052345114,0.980188427764701
30000,45,"standard",0.299033333333333,8971,2.15994159802752,0.100061977751951,22.1051118313533,0.00127907576993103,0.00127907576993103,0.03351695300738,0.972627981861995
30000,45,"constrained",0.299033333333333,8971,2.38384534158428,0.299033333333333,24.676344485187,0.00802446960380898,0.00802446960380898,0.0347986274687513,0.972873655067956
30000,46,"standard",0.300833333333333,9025,2.04540927579505,0.0908444792414587,21.3720905977997,0.0428510760635383,0.0428510760635383,0.0867870742744171,0.975265372899008
30000,46,"constrained",0.300833333333333,9025,2.2524432018749,0.300833333333333,24.0858956221924,0.0529260011943604,0.0529260011943604,0.0912534549050414,0.975550696912172
30000,47,"standard",0.2985,8955,2.33080142339785,0.103679351839136,25.8032391461469,0.0621552004876991,0.0621552004876991,0.0940596038215386,0.975523036026156
30000,47,"constrained",0.2985,8955,2.60842122595632,0.2985,29.3228750112013,0.0704445007763237,0.0704445007763237,0.0929193600579463,0.975749437920043
30000,48,"standard",0.300166666666667,9005,2.18806197446067,0.103794312887382,25.0080703059844,0.0560303668742632,0.0560303668742632,0.0794874853567607,0.976347259795132
30000,48,"constrained",0.300166666666667,9005,2.42489221438356,0.300166666666667,28.3972395291603,0.0614317453378339,0.0614317453378339,0.081391907129076,0.976681620159845
30000,49,"standard",0.296133333333333,8884,2.15481466276456,0.0851755370625404,25.7772520337586,0.0104491715080552,0.0104491715080552,0.0145957299616024,0.974791985271549
30000,49,"constrained",0.296133333333333,8884,2.42638407322491,0.296133333333333,30.0565462964891,0.0171523233688236,0.0171523233688236,0.0167997512817629,0.975577870588134
30000,50,"standard",0.3054,9162,2.14174029486266,0.0949863953914035,24.0164206328328,0.0876652404983984,0.0876652404983984,0.108225016369235,0.980842837943112
30000,50,"constrained",0.3054,9162,2.45181781296954,0.3054,28.2768445491087,0.0953883016255812,0.0953883016255812,0.112247168741588,0.981433224848943
